config,flags,n,mediana_s,min_s,max_s,cv_pct,speedup_vs_O2,speedup_vs_O0,checksum_ok,checksum,lectura_ms,rgb_ms,gris_ms,bordes_ms,hist_ms,esquinas_ms,fanin_ms,informe_ms
O0,-O0,5,40.154,39.327,41.279,1.55,0.16,1.00,1,1296a852f704a0a4,2072.1,4251.9,396.0,8186.5,1464.2,20255.3,2362.2,1050.4
O1,-O1,5,8.227,8.167,8.343,0.79,0.80,4.88,1,1296a852f704a0a4,841.8,428.4,237.1,2374.4,130.0,3591.3,326.5,277.3
O2,-O2,5,6.557,6.447,6.627,1.07,1.00,6.12,1,1296a852f704a0a4,813.6,435.6,152.5,1212.2,127.6,3192.6,364.7,243.9
O2_vec,-O2 -ftree-vectorize,5,4.011,3.957,5.899,16.47,1.63,10.01,1,1296a852f704a0a4,801.1,431.9,151.1,1070.7,59.1,926.8,342.5,239.4
O2_novec,-O2 -fno-tree-vectorize,5,7.845,7.776,7.929,0.65,0.84,5.12,1,1296a852f704a0a4,790.7,429.4,150.4,2350.4,128.7,3358.7,357.5,279.4
O3,-O3,5,3.759,3.722,3.860,1.38,1.74,10.68,1,1296a852f704a0a4,798.8,228.4,151.2,1070.6,56.7,910.9,311.1,240.6
O3_novec,-O3 -fno-tree-vectorize,5,7.606,7.539,7.683,0.69,0.86,5.28,1,1296a852f704a0a4,789.0,260.0,151.3,2359.5,128.4,3333.1,326.0,280.5
Os,-Os,5,12.349,11.888,12.625,2.12,0.53,3.25,1,1296a852f704a0a4,4099.6,423.2,217.3,2593.0,152.4,4240.6,320.6,295.0
O2_native,-O2 -march=native,5,6.109,6.007,6.184,0.94,1.07,6.57,1,1296a852f704a0a4,757.1,437.4,141.6,1121.5,118.4,2927.6,336.8,246.4
O3_native,-O3 -march=native,5,3.448,3.416,3.569,1.60,1.90,11.64,1,1296a852f704a0a4,759.7,299.7,85.3,903.2,53.8,817.0,288.6,234.3
O3_native_novec,-O3 -march=native -fno-tree-vectorize,5,6.806,6.644,6.958,1.85,0.96,5.90,1,1296a852f704a0a4,785.1,192.0,143.5,1817.9,124.7,3155.2,314.5,272.2
O3_avx2fma,-O3 -mavx2 -mfma,5,3.593,3.516,3.747,2.16,1.82,11.18,1,1296a852f704a0a4,781.2,310.7,90.2,930.3,56.7,861.0,305.8,248.7
O3_unroll,-O3 -funroll-loops,5,3.577,3.508,3.589,0.92,1.83,11.23,1,1296a852f704a0a4,746.4,216.4,144.7,1021.8,57.1,825.4,305.1,230.2
Ofast,-Ofast,5,3.582,3.464,3.699,2.19,1.83,11.21,1,1296a852f704a0a4,771.1,222.6,144.9,1002.3,55.9,876.0,292.1,228.6
Ofast_native,-Ofast -march=native,5,3.314,3.248,3.365,1.32,1.98,12.12,1,1296a852f704a0a4,722.5,152.9,84.7,940.3,53.5,823.0,292.7,241.6
