version,config,rep,total_ms,bordes_ms,esquinas_ms
antigua,-O2,1,1728.36,579.27,926.91
antigua,-O2,2,1746.11,584.85,934.69
antigua,-O2,3,1774.84,586.99,954.30
antigua,-O2,4,1779.81,598.92,953.80
antigua,-O2,5,1801.47,604.02,965.81
antigua,-O2,6,1799.62,603.85,963.68
antigua,-O2,7,1815.26,609.54,972.51
antigua,-O3,1,1604.33,427.93,966.03
antigua,-O3,2,1601.63,428.93,964.92
antigua,-O3,3,1635.06,429.72,997.33
antigua,-O3,4,1613.71,432.27,972.47
antigua,-O3,5,1617.39,432.39,973.56
antigua,-O3,6,1618.88,432.23,973.98
antigua,-O3,7,1638.59,438.31,987.18
antigua,-O3 -march=native,1,1687.47,440.38,1023.05
antigua,-O3 -march=native,2,1694.72,443.05,1026.15
antigua,-O3 -march=native,3,1725.42,448.66,1044.04
antigua,-O3 -march=native,4,1725.74,449.60,1039.26
antigua,-O3 -march=native,5,1689.12,440.88,1026.30
antigua,-O3 -march=native,6,1650.43,433.21,1000.40
antigua,-O3 -march=native,7,1653.50,439.15,992.20
nueva,-O2,1,605.68,112.78,292.89
nueva,-O2,2,587.79,109.35,285.90
nueva,-O2,3,588.05,109.94,286.76
nueva,-O2,4,588.06,109.19,286.98
nueva,-O2,5,593.58,111.47,286.11
nueva,-O2,6,592.31,109.86,288.58
nueva,-O2,7,585.90,109.02,285.04
nueva,-O3,1,339.34,96.78,80.57
nueva,-O3,2,355.72,99.07,85.31
nueva,-O3,3,342.76,97.31,81.12
nueva,-O3,4,343.41,97.05,81.33
nueva,-O3,5,355.57,99.54,85.34
nueva,-O3,6,366.95,102.47,88.19
nueva,-O3,7,338.82,96.91,80.52
nueva,-O3 -march=native,1,346.36,90.24,80.39
nueva,-O3 -march=native,2,338.78,89.86,78.84
nueva,-O3 -march=native,3,337.90,89.77,78.41
nueva,-O3 -march=native,4,364.29,89.91,99.50
nueva,-O3 -march=native,5,342.22,89.86,79.57
nueva,-O3 -march=native,6,350.57,89.43,90.61
nueva,-O3 -march=native,7,339.51,89.85,78.24
