config,flags,rep,total_ms,lectura_ms,rgb_ms,gris_ms,bordes_ms,hist_ms,esquinas_ms,fanin_ms,informe_ms,checksum,ok
O0,"-O0",1,40153.80,2158.51,4280.01,397.60,8186.52,1464.20,20224.95,2390.60,1050.44,1296a852f704a0a4,1
O0,"-O0",2,41278.67,2192.61,4350.54,407.04,8669.52,1512.13,20647.35,2437.31,1061.17,1296a852f704a0a4,1
O0,"-O0",3,40358.36,2072.14,4251.85,396.03,8466.48,1515.02,20255.35,2362.18,1038.45,1296a852f704a0a4,1
O0,"-O0",4,39327.25,2058.58,4219.54,390.83,8007.17,1434.91,19845.08,2337.65,1032.63,1296a852f704a0a4,1
O0,"-O0",5,40115.05,2072.06,4216.45,388.03,8074.74,1446.33,20504.52,2355.17,1056.87,1296a852f704a0a4,1
O1,"-O1",1,8227.21,876.90,422.81,233.94,2368.73,129.96,3591.27,326.62,276.56,1296a852f704a0a4,1
O1,"-O1",2,8293.82,841.75,431.43,236.48,2409.59,130.43,3638.14,326.52,279.12,1296a852f704a0a4,1
O1,"-O1",3,8193.02,834.32,428.39,237.40,2372.97,129.54,3590.58,322.14,277.31,1296a852f704a0a4,1
O1,"-O1",4,8166.89,813.85,427.41,237.46,2374.36,128.37,3590.01,318.78,276.29,1296a852f704a0a4,1
O1,"-O1",5,8343.27,869.79,434.23,237.13,2425.24,130.50,3637.27,326.46,282.24,1296a852f704a0a4,1
O2,"-O2",1,6557.48,832.97,431.72,152.50,1211.09,127.56,3192.61,364.71,243.94,1296a852f704a0a4,1
O2,"-O2",2,6573.15,813.59,435.57,152.97,1217.96,129.27,3210.12,367.27,245.75,1296a852f704a0a4,1
O2,"-O2",3,6627.34,830.66,437.91,154.19,1228.39,131.18,3228.22,370.16,246.19,1296a852f704a0a4,1
O2,"-O2",4,6454.73,779.50,443.03,150.38,1212.17,125.12,3148.16,352.84,243.12,1296a852f704a0a4,1
O2,"-O2",5,6447.29,785.99,431.99,150.74,1204.25,125.27,3152.88,353.68,242.12,1296a852f704a0a4,1
O2_vec,"-O2 -ftree-vectorize",1,5898.52,1191.24,603.71,216.95,1523.76,91.24,1441.04,515.53,314.45,1296a852f704a0a4,1
O2_vec,"-O2 -ftree-vectorize",2,4626.21,929.48,492.19,173.98,1230.25,68.06,1072.67,388.85,270.29,1296a852f704a0a4,1
O2_vec,"-O2 -ftree-vectorize",3,4007.60,788.67,431.33,151.11,1070.72,59.10,926.80,341.13,238.41,1296a852f704a0a4,1
O2_vec,"-O2 -ftree-vectorize",4,4011.18,801.12,431.87,151.11,1070.26,58.29,916.31,342.46,239.43,1296a852f704a0a4,1
O2_vec,"-O2 -ftree-vectorize",5,3957.33,765.58,431.02,149.77,1066.99,56.62,910.60,338.65,237.80,1296a852f704a0a4,1
O2_novec,"-O2 -fno-tree-vectorize",1,7775.95,762.42,428.06,149.04,2337.98,127.09,3345.10,348.67,277.26,1296a852f704a0a4,1
O2_novec,"-O2 -fno-tree-vectorize",2,7837.23,790.74,429.45,150.38,2350.37,128.07,3356.84,352.38,278.60,1296a852f704a0a4,1
O2_novec,"-O2 -fno-tree-vectorize",3,7928.77,808.27,430.76,151.42,2374.96,131.29,3390.28,361.96,279.41,1296a852f704a0a4,1
O2_novec,"-O2 -fno-tree-vectorize",4,7845.14,796.37,428.53,149.91,2344.82,128.71,3358.71,357.53,280.13,1296a852f704a0a4,1
O2_novec,"-O2 -fno-tree-vectorize",5,7885.39,785.79,431.42,150.77,2364.23,129.52,3384.07,358.86,280.27,1296a852f704a0a4,1
O3,"-O3",1,3860.00,836.93,230.20,153.31,1082.05,59.10,938.63,318.16,241.29,1296a852f704a0a4,1
O3,"-O3",2,3818.26,824.22,228.45,151.86,1070.63,57.91,930.72,313.53,240.57,1296a852f704a0a4,1
O3,"-O3",3,3758.85,798.77,228.65,151.21,1072.59,56.74,898.62,311.14,240.75,1296a852f704a0a4,1
O3,"-O3",4,3736.76,779.59,227.91,150.49,1065.32,55.41,910.86,307.03,239.81,1296a852f704a0a4,1
O3,"-O3",5,3721.70,781.77,227.97,150.60,1066.24,56.29,891.27,307.76,239.49,1296a852f704a0a4,1
O3_novec,"-O3 -fno-tree-vectorize",1,7683.47,777.64,262.77,152.72,2390.00,128.84,3362.46,326.77,281.84,1296a852f704a0a4,1
O3_novec,"-O3 -fno-tree-vectorize",2,7606.31,756.98,262.90,151.35,2372.14,128.41,3333.09,320.59,280.48,1296a852f704a0a4,1
O3_novec,"-O3 -fno-tree-vectorize",3,7663.37,799.84,260.01,151.29,2359.50,128.73,3351.60,330.57,281.40,1296a852f704a0a4,1
O3_novec,"-O3 -fno-tree-vectorize",4,7585.10,795.75,257.23,149.28,2331.30,128.09,3319.21,325.99,277.82,1296a852f704a0a4,1
O3_novec,"-O3 -fno-tree-vectorize",5,7539.44,789.02,256.46,148.48,2318.17,127.04,3298.98,324.28,276.50,1296a852f704a0a4,1
Os,"-Os",1,12422.92,4102.89,422.88,217.91,2589.51,155.10,4318.67,320.65,294.87,1296a852f704a0a4,1
Os,"-Os",2,12349.17,4099.62,423.16,217.32,2592.99,154.91,4240.61,323.17,296.97,1296a852f704a0a4,1
Os,"-Os",3,12076.73,3955.43,407.44,208.83,2616.48,150.33,4130.54,312.26,295.03,1296a852f704a0a4,1
Os,"-Os",4,12625.03,4208.89,441.90,224.34,2672.19,152.38,4297.74,326.07,301.20,1296a852f704a0a4,1
Os,"-Os",5,11888.13,3870.93,426.90,203.05,2540.50,148.59,4095.54,318.26,283.95,1296a852f704a0a4,1
O2_native,"-O2 -march=native",1,6007.21,749.24,434.04,139.41,1104.19,117.15,2887.90,330.74,244.10,1296a852f704a0a4,1
O2_native,"-O2 -march=native",2,6122.35,745.82,456.84,163.90,1154.69,116.99,2908.92,331.04,243.76,1296a852f704a0a4,1
O2_native,"-O2 -march=native",3,6183.71,767.55,436.28,141.52,1139.88,125.58,2989.34,336.77,246.36,1296a852f704a0a4,1
O2_native,"-O2 -march=native",4,6087.92,757.07,437.76,141.55,1116.72,118.43,2932.17,337.26,246.51,1296a852f704a0a4,1
O2_native,"-O2 -march=native",5,6109.50,776.75,437.41,141.67,1121.52,119.68,2927.61,337.89,246.58,1296a852f704a0a4,1
O3_native,"-O3 -march=native",1,3568.61,786.76,305.35,88.06,935.47,56.68,856.00,304.22,235.60,1296a852f704a0a4,1
O3_native,"-O3 -march=native",2,3448.31,759.70,299.70,85.26,907.26,54.27,819.07,288.64,234.08,1296a852f704a0a4,1
O3_native,"-O3 -march=native",3,3420.90,750.48,297.27,84.19,899.41,53.41,815.54,287.00,233.25,1296a852f704a0a4,1
O3_native,"-O3 -march=native",4,3415.99,745.04,298.24,84.03,901.69,53.83,812.44,286.08,234.27,1296a852f704a0a4,1
O3_native,"-O3 -march=native",5,3468.20,765.30,305.01,87.97,903.20,53.69,817.02,297.18,238.52,1296a852f704a0a4,1
O3_native_novec,"-O3 -march=native -fno-tree-vectorize",1,6644.08,755.78,190.86,139.40,1776.82,122.92,3081.35,308.60,267.91,1296a852f704a0a4,1
O3_native_novec,"-O3 -march=native -fno-tree-vectorize",2,6691.10,771.45,188.29,140.80,1785.50,123.23,3100.15,311.66,269.61,1296a852f704a0a4,1
O3_native_novec,"-O3 -march=native -fno-tree-vectorize",3,6805.65,785.13,192.03,143.53,1817.90,124.69,3155.24,314.54,272.16,1296a852f704a0a4,1
O3_native_novec,"-O3 -march=native -fno-tree-vectorize",4,6936.02,796.71,195.21,145.43,1845.60,127.30,3219.26,320.40,285.64,1296a852f704a0a4,1
O3_native_novec,"-O3 -march=native -fno-tree-vectorize",5,6958.18,785.37,201.41,149.75,1876.70,127.49,3219.05,319.88,278.14,1296a852f704a0a4,1
O3_avx2fma,"-O3 -mavx2 -mfma",1,3747.20,862.20,310.70,90.33,942.82,63.63,894.97,333.91,248.19,1296a852f704a0a4,1
O3_avx2fma,"-O3 -mavx2 -mfma",2,3515.80,770.02,308.41,88.48,910.84,55.51,840.31,299.10,242.78,1296a852f704a0a4,1
O3_avx2fma,"-O3 -mavx2 -mfma",3,3657.03,832.83,310.14,89.70,919.03,56.83,885.70,311.30,251.09,1296a852f704a0a4,1
O3_avx2fma,"-O3 -mavx2 -mfma",4,3593.17,778.60,316.59,90.63,933.20,56.72,861.01,305.81,250.18,1296a852f704a0a4,1
O3_avx2fma,"-O3 -mavx2 -mfma",5,3581.92,781.23,315.56,90.17,930.34,56.51,855.99,303.04,248.70,1296a852f704a0a4,1
O3_unroll,"-O3 -funroll-loops",1,3525.53,726.29,218.32,144.68,1025.13,56.81,816.65,305.13,232.11,1296a852f704a0a4,1
O3_unroll,"-O3 -funroll-loops",2,3508.34,725.86,216.38,143.87,1017.83,56.70,814.59,303.28,229.43,1296a852f704a0a4,1
O3_unroll,"-O3 -funroll-loops",3,3577.14,746.37,220.12,155.55,1039.64,57.07,825.35,304.55,228.13,1296a852f704a0a4,1
O3_unroll,"-O3 -funroll-loops",4,3579.93,769.48,216.08,144.63,1020.83,58.10,832.60,307.64,230.15,1296a852f704a0a4,1
O3_unroll,"-O3 -funroll-loops",5,3589.29,776.23,215.87,144.94,1021.78,58.60,831.49,309.04,230.91,1296a852f704a0a4,1
Ofast,"-Ofast",1,3560.35,758.38,222.57,144.22,982.93,55.16,876.01,292.08,228.64,1296a852f704a0a4,1
Ofast,"-Ofast",2,3699.41,776.57,227.94,157.53,1033.46,59.48,902.02,302.33,239.70,1296a852f704a0a4,1
Ofast,"-Ofast",3,3464.05,727.94,219.42,141.77,968.99,52.60,846.07,283.48,223.51,1296a852f704a0a4,1
Ofast,"-Ofast",4,3581.73,771.10,221.01,144.93,1010.48,55.86,862.60,290.21,225.20,1296a852f704a0a4,1
Ofast,"-Ofast",5,3635.64,783.81,226.09,146.29,1002.30,56.86,890.35,299.15,230.46,1296a852f704a0a4,1
Ofast_native,"-Ofast -march=native",1,3247.68,717.69,149.28,83.25,922.03,52.52,804.93,284.08,233.58,1296a852f704a0a4,1
Ofast_native,"-Ofast -march=native",2,3313.55,722.54,152.88,84.39,940.32,54.49,823.22,292.67,242.81,1296a852f704a0a4,1
Ofast_native,"-Ofast -march=native",3,3364.68,726.65,157.89,90.85,949.47,60.52,827.17,303.47,248.41,1296a852f704a0a4,1
Ofast_native,"-Ofast -march=native",4,3359.75,765.37,158.21,86.93,944.49,53.51,816.69,293.10,241.20,1296a852f704a0a4,1
Ofast_native,"-Ofast -march=native",5,3290.88,711.79,152.04,84.71,933.95,52.62,822.95,290.98,241.61,1296a852f704a0a4,1
