barrido,param,valor,rep,n_imagenes,w,h,kernel,cwin,cnms,edge,cthr,total_ms,lectura_ms,rgb_ms,gris_ms,bordes_ms,hist_ms,esquinas_ms,combinar_ms,informe_ms,suma_etapas_ms,camino_critico_ms,px_borde,esquinas,checksum
cthr,cthr,250,1,20,768,768,5,1,6,60,250,593.74,71.61,35.56,12.91,99.61,10.51,311.29,32.35,19.7,593.53,447.85,760470,42390,e4e05ed3d43b7a19
cthr,cthr,250,2,20,768,768,5,1,6,60,250,596.59,73.65,35.5,13.0,99.67,10.55,311.87,32.49,19.68,596.41,450.69,760470,42390,e4e05ed3d43b7a19
cthr,cthr,250,3,20,768,768,5,1,6,60,250,593.42,70.06,35.44,12.91,99.17,10.5,312.69,32.59,19.84,593.21,448.1,760470,42390,e4e05ed3d43b7a19
cthr,cthr,250,4,20,768,768,5,1,6,60,250,589.64,69.82,35.43,12.71,99.33,10.43,309.72,32.3,19.72,589.46,444.26,760470,42390,e4e05ed3d43b7a19
cthr,cthr,250,5,20,768,768,5,1,6,60,250,595.77,70.16,35.49,12.78,99.56,10.47,315.28,32.19,19.64,595.57,450.05,760470,42390,e4e05ed3d43b7a19
cthr,cthr,1000,1,20,768,768,5,1,6,60,1000,543.13,69.9,35.42,12.75,99.25,10.46,266.51,28.83,19.81,542.94,397.8,760470,8550,c579b07d4d657839
cthr,cthr,1000,2,20,768,768,5,1,6,60,1000,546.54,72.02,35.48,12.84,99.29,10.61,267.38,28.91,19.81,546.34,400.96,760470,8550,c579b07d4d657839
cthr,cthr,1000,3,20,768,768,5,1,6,60,1000,543.12,70.96,35.66,12.79,99.48,10.4,265.34,28.58,19.72,542.93,397.39,760470,8550,c579b07d4d657839
cthr,cthr,1000,4,20,768,768,5,1,6,60,1000,557.97,74.28,36.17,13.14,101.81,10.77,272.17,29.37,20.05,557.77,409.01,760470,8550,c579b07d4d657839
cthr,cthr,1000,5,20,768,768,5,1,6,60,1000,549.57,72.05,35.57,12.87,99.32,10.61,269.55,29.42,19.99,549.37,403.87,760470,8550,c579b07d4d657839
cthr,cthr,2000,1,20,768,768,5,1,6,60,2000,537.56,70.11,35.54,12.88,99.29,10.55,260.45,28.72,19.82,537.37,391.98,760470,5600,332d724351df3f62
cthr,cthr,2000,2,20,768,768,5,1,6,60,2000,535.99,69.52,35.48,12.8,98.89,10.46,260.04,28.72,19.87,535.8,390.96,760470,5600,332d724351df3f62
cthr,cthr,2000,3,20,768,768,5,1,6,60,2000,538.62,71.63,35.71,12.87,99.45,10.58,259.92,28.49,19.76,538.41,392.67,760470,5600,332d724351df3f62
cthr,cthr,2000,4,20,768,768,5,1,6,60,2000,536.12,69.04,35.47,12.79,99.33,10.57,260.42,28.48,19.83,535.93,390.56,760470,5600,332d724351df3f62
cthr,cthr,2000,5,20,768,768,5,1,6,60,2000,535.97,70.53,35.32,12.76,98.73,10.51,259.6,28.56,19.78,535.78,391.22,760470,5600,332d724351df3f62
cthr,cthr,8000,1,20,768,768,5,1,6,60,8000,528.93,69.17,35.67,12.85,99.67,10.48,252.93,28.08,19.89,528.73,382.91,760470,1580,0c6e041dc625035a
cthr,cthr,8000,2,20,768,768,5,1,6,60,8000,529.8,71.25,35.69,12.82,99.55,10.43,251.95,28.09,19.82,529.61,383.93,760470,1580,0c6e041dc625035a
cthr,cthr,8000,3,20,768,768,5,1,6,60,8000,534.37,74.1,35.46,12.85,99.5,10.48,253.43,28.35,20.0,534.18,388.73,760470,1580,0c6e041dc625035a
cthr,cthr,8000,4,20,768,768,5,1,6,60,8000,528.7,69.99,35.67,12.83,99.31,10.56,252.48,27.8,19.82,528.48,382.93,760470,1580,0c6e041dc625035a
cthr,cthr,8000,5,20,768,768,5,1,6,60,8000,527.72,70.38,35.59,12.77,99.19,10.5,251.5,27.95,19.64,527.52,382.24,760470,1580,0c6e041dc625035a
cthr,cthr,32000,1,20,768,768,5,1,6,60,32000,526.59,70.38,35.51,12.85,99.34,10.51,250.01,27.94,19.86,526.39,381.04,760470,30,862e3a12c218e296
cthr,cthr,32000,2,20,768,768,5,1,6,60,32000,525.56,70.44,35.63,12.98,99.27,10.47,249.18,27.52,19.87,525.37,379.99,760470,30,862e3a12c218e296
cthr,cthr,32000,3,20,768,768,5,1,6,60,32000,524.98,70.22,35.64,12.86,99.2,10.37,249.19,27.52,19.78,524.78,379.58,760470,30,862e3a12c218e296
cthr,cthr,32000,4,20,768,768,5,1,6,60,32000,528.17,72.54,35.46,12.75,99.17,10.39,249.81,27.86,20.0,527.97,382.95,760470,30,862e3a12c218e296
cthr,cthr,32000,5,20,768,768,5,1,6,60,32000,529.09,71.01,35.69,13.01,99.79,10.55,250.94,27.97,19.94,528.9,382.87,760470,30,862e3a12c218e296
