funcion,new_O2novec.o:total/simd/ymm/fma,new_O2.o:total/simd/ymm/fma,new_O3.o:total/simd/ymm/fma,new_O3native.o:total/simd/ymm/fma
read_ppm,189/0/0/0,189/2/0/0,190/2/0/0,192/4/0/0
resize_image,170/0/0/0,173/0/0/0,174/0/0/0,170/1/0/0
to_grayscale,69/0/0/0,75/1/0/0,74/1/0/0,430/267/153/0
gaussian_blur,339/4/0/0,507/123/0/0,776/138/0/0,851/146/88/32
sobel_gradient,130/3/0/0,137/6/0/0,529/297/0/0,656/356/205/18
threshold,59/0/0/0,60/1/0/0,165/11/0/0,179/12/4/0
compute_rgb_stats,121/16/0/0,128/15/0/0,153/44/0/0,941/632/306/5
compute_histogram,49/0/0/0,49/0/0/0,49/0/0/0,41/0/0/0
otsu_threshold,57/12/0/0,75/26/0/0,75/26/0/0,73/18/14/1
detect_corners_moravec,476/0/0/0,510/12/0/0,796/50/0/0,809/95/38/0
compose_annotated,212/0/0/0,215/2/0/0,485/2/0/0,489/2/0/0
checksum_image,141/0/0/0,141/0/0/0,140/0/0/0,138/0/0/0
