funcion,old_O2novec.o:total/simd/ymm/fma,old_O2.o:total/simd/ymm/fma,old_O3.o:total/simd/ymm/fma,old_O3native.o:total/simd/ymm/fma
read_ppm,169/0/0/0,169/2/0/0,217/4/0/0,216/4/0/0
resize_image,107/0/0/0,121/0/0/0,124/0/0/0,126/1/0/0
to_grayscale,91/3/0/0,94/4/0/0,96/4/0/0,92/2/0/2
gaussian_blur,269/7/0/0,290/15/0/0,354/17/0/0,367/16/4/0
sobel_gradient,161/3/0/0,145/4/0/0,173/4/0/0,170/2/0/1
threshold,72/0/0/0,75/1/0/0,79/1/0/0,82/1/0/0
compute_rgb_stats,121/16/0/0,128/15/0/0,153/44/0/0,939/632/306/5
compute_histogram,47/0/0/0,49/0/0/0,47/0/0/0,41/0/0/0
otsu_threshold,60/12/0/0,75/26/0/0,75/26/0/0,73/18/14/1
detect_corners_moravec,332/0/0/0,334/5/0/0,333/7/0/0,331/7/0/0
compose_annotated,199/0/0/0,207/3/0/0,481/3/0/0,478/3/0/0
checksum_image,0/0/0/0,0/0/0/0,0/0/0/0,0/0/0/0
